UserID,CourseCategory,TimeSpentOnCourse,NumberOfVideosWatched,NumberOfQuizzesTaken,QuizScores,CompletionRate,DeviceType,CourseCompletion
5618,Health,29.979719346137415,17,3,50.365655948359226,20.860772712321186,1,0
4326,Arts,27.802639509751515,1,5,62.61596979322466,65.63241524373352,1,0
5849,Arts,86.82048469711872,14,2,78.4589624023972,63.81200658802416,1,1
4992,Science,35.03842663461649,17,10,59.19885273381349,95.43316189339762,0,1
3866,Programming,92.4906469645332,16,0,98.42828500171674,18.102477525410755,0,0
8650,Health,79.46612884332329,12,7,70.2333289468058,76.48402324939777,0,1
4321,Health,78.9087242374251,10,2,86.83653261494925,22.588896140963342,1,0
4589,Business,12.068236752159779,16,3,61.55364646476677,27.410990874379625,1,0
4215,Business,81.93570917985394,8,4,90.26456414855329,33.30843667864675,0,1
8089,Programming,83.39402571104472,15,10,63.956352955520536,33.26129953014595,1,0
5010,Science,55.44885317072934,3,7,57.50783648915665,80.63469702926727,0,0
8791,Arts,27.265330641921473,17,9,70.99850119498619,0.12833632293802744,0,0
4101,Arts,12.262483785584529,13,1,68.54184823678045,48.91869023749844,1,0
3039,Programming,33.79016764768902,1,5,97.70588953857865,77.31223562370481,0,1
3379,Science,40.787972087640696,7,3,72.02018992210475,87.47619949726861,1,1
5700,Science,37.74623794822219,10,8,93.30974857144088,95.8903217174662,0,1
7567,Programming,36.36982127760847,8,10,71.74027659522311,43.54888955385587,1,1
8772,Health,26.67976913466473,15,8,64.15505767450269,21.184777691520363,1,0
6817,Business,11.178047611849541,20,5,78.02583213062266,55.69746684173562,0,0
2866,Health,56.70844279087808,6,8,81.38063449593083,49.176911118789945,0,1
3134,Science,90.89545275723643,11,9,82.80335560655193,76.06002032466282,1,1
2716,Science,19.220062447323226,6,4,70.24297667055698,69.88922262914392,1,1
3153,Arts,24.988750032357324,6,9,64.48616706067624,7.433288004684602,1,0
6584,Business,33.48224410834035,3,9,59.8758706754866,78.58320720339476,0,0
230,Science,57.668364870808745,0,5,92.00831477467003,35.024928003816655,0,0
8813,Programming,33.8079156819551,12,1,53.6597605659185,89.9525527538609,0,1
3103,Programming,48.54343463363164,3,7,50.467631755212764,50.996831718753334,0,0
1274,Science,56.94215602063267,7,6,80.37425848450256,61.12697845853356,0,1
2398,Programming,40.813481802552786,15,0,55.02883721210786,56.94624076543875,0,0
8529,Programming,12.805246220606858,6,9,51.85830564221426,86.30231756665131,0,0
7858,Arts,64.89874148516614,13,6,97.34019871099639,68.02150504513817,1,1
7050,Programming,44.70916758562794,5,8,76.9412180222065,17.541934124071844,0,0
1676,Arts,44.463895154064346,16,10,51.70151786760175,53.400707703532966,0,0
4931,Business,79.92671792725722,18,3,82.8515882752971,69.03969779917355,1,1
1847,Programming,66.23533659953954,3,4,54.642636585229226,59.146139308126656,1,0
6083,Health,27.30889124247948,17,3,90.02120477161247,7.4349881557542075,0,0
2263,Health,30.33845961117749,11,10,85.91852407206679,94.54929861714221,0,1
8788,Arts,55.99522788037752,19,7,89.28612560657936,12.969146318848889,0,0
4546,Arts,26.021524206096856,7,8,81.67770398732854,33.32047026777094,0,1
6675,Arts,46.16776436128021,20,5,57.51320694226913,67.48314094068168,0,1
4345,Arts,14.964920149737411,9,6,96.20605086239357,35.90245247288345,0,0
7918,Science,23.371860080863165,12,1,74.71747173615051,60.72715873028089,1,1
3267,Science,35.09837657550164,13,6,53.80004944829931,42.34052102368495,1,0
4926,Business,74.53035551256862,2,7,79.58932418252478,79.92665079525295,1,1
3405,Programming,90.28199332772544,19,3,85.757982927004,47.14835242341192,0,0
99,Business,96.42768519524566,7,0,70.18434249993251,15.54444396051926,1,0
911,Science,11.445850993718908,6,8,82.99278190747742,55.47063348875232,1,0
8895,Health,21.12566598815966,7,10,67.06323236445888,5.094871160295811,1,1
2218,Business,94.96213323193646,13,8,96.74738134978736,80.8161152568603,1,1
3435,Science,87.24751758868146,0,9,60.12098346303216,5.944659811055053,1,0
3763,Programming,20.012157362341405,1,2,66.3330807982308,43.60312452908891,0,0
4190,Health,76.08711898360353,16,10,69.87188422800713,5.123885111849413,1,0
8217,Programming,89.88527688054053,2,3,89.94464524289667,78.47655174140448,1,0
3823,Science,36.58505759204168,13,7,78.47425985306087,85.52357567109635,0,1
3275,Health,68.0311152231597,13,0,96.94199526194947,5.1013744565620245,0,0
2106,Arts,3.34791967027327,8,4,96.54886729714609,27.991879727057057,1,0
7257,Arts,9.739541103872535,15,1,70.99381544683521,61.79129346746699,0,0
8001,Programming,31.21067472319168,4,8,72.95086263740637,94.8652576426956,0,1
3399,Programming,84.69650096837621,15,7,90.25993654537126,44.68531007614127,1,1
3108,Arts,41.54232954759268,7,2,59.47520889482437,93.94135862944825,0,0
8761,Arts,3.52919271103881,13,9,85.73436748006172,5.514118167504456,0,1
8781,Arts,32.63535722496225,10,4,74.75876252080349,70.11965165777208,1,1
722,Arts,49.57074401392171,10,10,77.69134096892444,18.701011306557458,0,1
3062,Business,80.15828576609829,2,5,79.2052751471904,19.133233403324958,1,0
3097,Arts,45.68233579025563,12,10,91.99174290445994,78.9148654932726,0,1
8491,Programming,38.49037566996723,17,8,63.13736293025264,78.86536604091218,0,0
6314,Arts,53.58868062990964,0,3,51.604869763345455,47.47055356057127,1,0
6438,Health,56.17716140693022,9,8,97.27643294899133,32.06852075725271,1,1
6829,Science,9.858359915259323,8,9,60.669424134446984,25.490091204083154,1,0
5191,Health,5.971099024299701,14,9,60.650799169906406,38.471446170986056,1,0
4114,Programming,94.78114798588702,14,4,87.78225140011364,15.985817563272652,0,1
8979,Programming,56.227531063889344,18,0,96.62762883560018,64.02928474191076,1,1
7288,Health,96.932283386797,2,4,59.31723336318424,27.12688424166274,1,0
558,Health,53.218189908451485,3,7,97.00846595291435,93.15020403256345,1,1
6635,Science,27.8746056390781,20,9,89.02223857909608,28.45747766359976,0,1
993,Science,36.95572324790628,7,4,70.54541633714291,12.21204793660876,1,1
2822,Programming,13.336806563044597,18,1,77.6143296891323,36.65234427163578,1,0
1242,Health,14.218039583929137,18,10,91.70042042457573,69.64615576728983,0,1
6073,Business,67.7494196011917,7,4,52.168926453753,66.05835423911273,0,1
6017,Health,95.93155587967532,12,5,52.04329207292744,59.76003664322449,0,0
6123,Health,22.773497069227545,5,2,65.4381647257423,76.96820347037485,1,0
4506,Business,53.87606731850069,11,7,87.50740175850824,95.55933224544798,1,1
4899,Health,42.09273477177211,9,2,75.59385542726584,43.52847751132492,1,0
8938,Health,40.398077268066366,7,4,53.408002982344534,48.793590491573624,1,1
4891,Health,65.0337603745606,19,7,74.62656494021554,35.4340401666406,0,1
7310,Business,2.346835149616159,4,2,88.32572285678341,61.32818909542181,0,0
4045,Science,67.1254398101185,3,10,60.793632364030756,67.46767278561448,1,0
2277,Health,32.551028471254334,4,7,50.52054933062579,26.335472838207906,1,0
6089,Health,33.221429878985646,10,0,71.02668603641426,69.55960060287876,1,1
3329,Health,3.608385887197843,12,6,73.87502611171486,71.4711334471692,0,1
3523,Health,81.137847751928,9,4,52.5479188384228,71.03879989153981,1,1
2174,Arts,75.48784291822726,1,5,51.793778258704506,24.74935070651185,1,0
5297,Arts,60.93463682338108,20,9,81.58560513375862,29.00188364857853,1,1
5485,Science,1.776647202821696,11,7,50.780573331359264,59.4793471672893,0,0
1181,Business,55.29169273744926,19,2,81.43226203068515,79.31814212891162,1,1
1484,Programming,54.17976283879886,9,2,73.66606452746696,35.7469591802418,1,0
2556,Programming,19.430338538860955,18,6,63.9813173841432,51.22714861350365,1,0
3106,Health,36.685839885776296,9,3,97.01783572328601,79.00436169083594,0,1
4135,Health,15.086335642482647,18,2,77.47082149010794,86.6319592006087,1,0
7417,Health,9.880230403817208,2,5,52.14262839320924,42.92665417639105,0,0
7376,Health,57.10007792126629,16,1,98.43352614008884,95.64807029994114,0,1
5110,Business,22.17836417947205,0,9,68.00077698333658,88.49886056707629,0,0
4069,Health,87.55093579174928,9,0,86.94631148227096,89.25673969153371,0,1
7560,Health,16.895223265553852,14,9,68.57645327350014,48.34825924315631,0,0
5813,Arts,90.90507359950244,19,8,78.78184188120731,46.47547351933574,0,1
3596,Programming,48.76269556773064,17,4,67.40102537778354,41.64978118324392,1,0
7467,Business,64.2336174728836,19,7,96.1427774048847,6.182249654034178,1,1
8171,Arts,1.3345058340328149,8,5,89.37415887109415,49.23327199072878,1,0
2981,Arts,6.258941795701109,19,5,97.95822686989939,17.25951474329066,0,0
345,Business,24.681897715387656,4,10,76.06499391624814,30.622570345458012,1,0
6748,Health,18.13941847735042,0,0,62.81103980889195,82.11963631283035,1,0
1314,Programming,10.056812835035064,10,8,75.4104087518778,25.956530918507347,0,0
6719,Programming,84.14609769473014,15,5,73.70656958563228,62.54344521952093,1,1
5307,Arts,9.742959400639203,9,7,62.05238624899021,55.88842511336092,0,0
7593,Business,35.96228582597124,4,0,86.88619783111699,73.9792576500326,1,0
5817,Arts,3.440949514982396,0,6,87.17420880316594,49.40500868803226,0,0
6649,Science,25.470299714857244,0,9,51.52728968677454,72.11856514527716,1,0
4175,Health,15.344967271427256,6,8,90.62201201982947,63.37961430561173,0,1
7581,Business,54.18360976009397,20,6,65.73490412386319,65.10002248370924,0,1
2797,Programming,14.452728862631826,13,3,99.01323750512739,4.446850551911396,0,0
6528,Arts,94.65421714056573,4,10,67.77543537154133,3.4368232405588506,0,0
589,Science,9.684046530276468,18,0,61.66858157318342,38.78834401380908,0,0
318,Business,11.826234407838406,6,2,61.12123409860745,61.65013487721439,1,0
1051,Science,89.88178483281057,18,1,73.09700977504747,61.85231898492772,0,1
1849,Science,87.28302239010452,15,10,85.9452131673776,43.989207150781965,1,1
7463,Business,19.268970022927768,0,6,69.57944029756533,10.806673975007207,0,0
8890,Health,13.022818957109125,11,6,75.82772230082863,3.193659352528555,0,0
8208,Business,88.99990602599178,11,6,69.62323914564101,91.94907791430667,0,1
2446,Science,72.50880566404707,15,7,91.56188149358692,89.70828922039557,1,1
7874,Arts,15.187693591285457,8,5,51.381414967815076,52.16741693520286,0,0
5954,Business,17.9797867671542,6,2,67.17301884593982,71.79811032462091,0,0
282,Health,87.26202564168797,3,7,70.86462688673276,95.53449799797217,0,1
5126,Health,10.471202332393055,8,9,76.52730196967582,72.84725350098749,1,1
8522,Programming,29.24110253221175,6,10,76.85944197829933,33.770820881830744,0,1
2478,Business,29.445702989537295,7,6,85.18513763219013,26.158099617094877,0,1
8839,Science,34.17730240292625,20,6,98.48392741798904,69.34892468921299,0,1
5217,Business,26.820034292084856,8,4,84.1227064022452,72.65406916868662,1,1
2844,Programming,1.68880114302583,5,8,86.52103600402899,18.250101824182362,1,0
7584,Arts,52.148785672131666,2,7,88.28163858125463,79.30162112492182,0,1
3202,Arts,99.75386082052769,19,4,70.54991868410816,24.970614858497974,1,1
1157,Programming,46.99369367948536,0,7,62.524510949444775,57.054908474642495,0,0
3066,Business,83.31024557110081,4,1,93.29728091488354,95.83785631215684,0,0
7054,Business,52.25632505334176,9,0,86.32073431530327,46.52250129976818,1,0
3998,Health,84.48990313430181,0,9,96.16317483383283,84.77026050376995,0,1
4030,Programming,61.03931977881102,13,6,67.99691586063622,42.08148502477037,1,0
1963,Health,55.67000573721081,11,9,89.06386077005743,46.99548634486855,0,1
3738,Programming,1.5663722226544978,8,4,51.88603763462213,50.95618640651922,0,0
7945,Programming,89.5445955161506,15,2,98.24105898950305,94.66678069631789,0,1
8455,Arts,87.74610602003246,20,8,81.89673528609613,36.68965168913999,0,0
8214,Health,23.91222641587904,20,10,56.91001466740049,47.89633474805014,1,0
8149,Programming,74.868899878852,10,1,68.9028814238327,1.1746895223129994,1,0
7064,Programming,93.96904918381499,20,7,83.4137733487016,87.83881742513633,0,1
2511,Business,82.1669466051735,14,2,96.60884974587046,40.20975129423328,0,0
6128,Programming,52.16325887437178,19,4,95.98129001977571,80.38279316053402,1,1
5403,Business,35.14402824314515,19,4,63.496014273245166,64.20498938858061,0,1
8091,Health,47.13434792094828,18,0,56.7867653791634,60.60176960592657,1,0
3260,Arts,64.5357650396601,14,9,87.73876955683595,93.15762948059138,0,1
4293,Health,4.179855850713633,15,6,64.8875384746979,20.90977296359089,1,0
4848,Health,40.62169045834231,12,9,88.8620351658578,9.453955461377006,1,1
5952,Business,11.388978852466996,9,9,73.4406909906941,39.978662791044094,0,0
6656,Science,4.439472446310367,8,10,98.49116689265023,20.70846545136995,1,0
7984,Programming,25.499305220632408,4,10,77.37668842546604,8.998963191982668,0,0
7837,Arts,21.112843798056684,2,4,84.67030688857676,93.70550941381522,0,1
4359,Arts,9.284417836522035,4,6,78.26216595438746,65.10731742262826,1,0
6898,Science,55.01186032779908,18,10,79.45224189908518,97.84185220555266,1,1
5090,Science,76.5756771656946,12,8,61.071089338512664,29.016247073068925,0,0
1481,Business,58.80196846349352,19,3,83.26468690952731,19.007688415660883,1,0
5336,Arts,20.943201682933587,1,3,67.4132755485814,39.68213969230292,1,0
3992,Arts,33.580492151161195,3,8,83.07007991059885,71.55146279627289,1,1
4137,Business,7.724694218059798,13,9,96.01446045061695,72.40334894690264,0,1
6422,Health,46.23256094326037,3,4,55.67439199764145,88.50579136569165,1,0
305,Arts,2.2637772252718387,17,9,94.0410334648175,93.38300222934068,0,1
3599,Arts,70.13301907011545,17,4,64.93440531649782,84.61031400809817,1,1
4412,Programming,64.31582881135381,2,1,50.11893008067853,55.0337827720627,1,0
4886,Business,13.264175964260629,1,6,99.89047277914742,53.35689123375985,0,0
8294,Programming,89.92764928380763,13,4,64.60157057111489,31.497193240738596,1,1
8186,Arts,40.43938989028363,10,6,75.39880616220685,46.788351120267926,1,1
1568,Business,60.3369916220883,10,6,74.76458656753562,94.36787885429892,1,1
901,Arts,68.90175123356,15,1,84.79200519299607,33.54557116098081,1,0
6549,Arts,75.06291387483361,5,2,54.71767736459012,20.181305587600207,1,0
7731,Arts,21.304281618637383,14,4,67.85519575591739,63.763835690391524,0,1
6351,Business,85.88406981842928,14,7,67.04892736996501,34.03748706200561,0,0
967,Programming,29.500070830149614,17,8,90.0641179243371,30.405649568933125,1,1
7769,Science,20.90726535219855,13,0,87.86807382679848,73.03273105093909,1,1
7962,Arts,77.30213291535003,2,5,60.511294232126986,10.461542637947518,0,0
5957,Science,21.04537784999662,8,8,54.64117838806955,46.41868399299827,1,0
8011,Arts,51.87187856764312,12,9,97.79603459297616,98.1304937721164,1,1
3035,Arts,17.55238960017957,17,3,56.60612619560328,55.87074126296901,1,0
8429,Programming,96.6948842341572,16,3,53.19100589266155,6.90697583599097,1,1
2424,Business,50.27789979708274,19,5,80.65378558585638,60.601680113699764,0,1
312,Arts,40.9610227548543,12,10,58.03086465996762,70.47871500043227,0,1
8402,Business,17.530413493582845,8,10,87.50647034590921,35.87914070340285,1,0
263,Health,89.77790844086671,0,4,95.51006417810171,7.20195123793469,1,0
6619,Business,26.030544533350962,19,5,72.35856893002477,73.9667399126054,1,1
7339,Business,75.95949591583944,10,8,89.0100800298086,99.75015533375888,0,1
5165,Business,50.54899461258477,17,0,96.67524825551548,98.22668880537593,0,1
8280,Science,98.87699893648724,19,1,74.2539050023157,17.378650187307965,0,0
4043,Arts,25.625583362827044,3,3,76.13125861382457,72.77790851215245,0,0
2177,Programming,85.77222767662947,7,4,85.61544429642566,23.626920956402575,0,1
5941,Business,44.20839148348817,15,5,88.9432813292398,98.49870694213776,0,1
8504,Business,31.205809830996134,7,3,94.27552187882807,86.19518798543506,1,1
2084,Science,24.977393309301075,5,10,87.38557626267573,83.44668050654933,0,1
931,Business,5.694147977868408,14,9,65.15376834168087,57.99243662687415,1,0
6806,Science,1.9113610716736562,8,2,69.61580112317624,2.81354124824158,0,0
6044,Programming,32.034053703476054,12,1,74.90287009827692,51.17855493880601,0,0
1982,Science,17.741286141644498,2,1,80.59119755497976,15.681292947329084,0,0
3087,Health,9.31616973754194,6,8,51.99012097602919,21.762275540593233,1,0
1315,Health,51.87370764304513,6,9,55.68914986902414,7.336565938054019,1,0
2138,Programming,27.22175952354357,4,10,86.27103530577426,18.567148673432264,0,0
1957,Science,95.10860929451789,15,6,85.08620617537736,38.20289909337884,1,1
5874,Health,18.530021269678038,16,7,61.5450931986686,66.14472488754824,1,0
1833,Business,34.71701780469075,20,9,72.3618967889136,30.774515118148436,1,1
2331,Programming,92.9730676859633,16,9,82.01487518318757,89.10037963132255,0,1
260,Business,20.15127557318181,19,9,96.40301778252825,45.06465913472266,1,1
8284,Business,86.7750978229576,8,9,81.11635891459215,53.3306365640841,1,1
1427,Science,65.88293674688187,8,1,52.55827868057305,4.229916702820191,0,0
1541,Business,43.23259820438494,2,3,74.67740653685766,1.119061395617027,0,0
6610,Business,36.15818831626328,11,4,92.99504451915809,38.79256753735103,1,1
3242,Business,93.8607986804902,4,7,84.9478703502393,50.07656288003105,1,0
1075,Health,59.49632037445159,1,10,53.77946163513258,29.51732752715919,1,0
601,Arts,33.11938463487156,11,9,67.31472810141982,81.94937898564864,1,1
7037,Business,3.356798282575958,18,2,73.98281249937983,76.30678613498885,0,0
8875,Business,16.018954934885944,5,3,78.31546522828148,58.147683354210244,1,1
2515,Science,30.506209756344234,13,3,77.73009218893688,73.24874359053992,1,1
1030,Programming,93.75797613696085,11,5,73.43541497914916,11.832285155225698,0,1
5995,Business,19.671294195887608,2,4,95.23321460569065,37.35124070664491,1,0
6965,Arts,6.994673367884799,12,10,71.23054938911004,21.32907023759415,1,0
6811,Business,29.185098919867993,13,0,86.45694748476237,12.095744346586844,0,0
118,Arts,72.51497725564705,18,3,56.5111732759795,43.79468106321828,0,0
139,Business,53.13289931638914,10,2,85.42571276294193,71.81642457683691,0,1
5137,Science,72.24672863407444,13,8,79.65791476564921,87.40023281042775,1,1
2545,Science,27.91421194586566,12,2,62.74921795298175,44.7507492074815,1,0
3271,Science,97.31280386632395,13,5,67.49888417111893,10.238124194339647,0,0
116,Health,94.8940903986078,10,3,84.51899473146182,27.608672842124705,1,0
5656,Health,38.17422689084048,0,7,68.25789271326133,94.95314606862237,1,0
6993,Programming,47.79798296499262,16,6,99.45658031548152,72.3646022842546,1,1
804,Health,92.25094027571447,10,7,58.9871575793124,35.77520503273558,0,0
689,Programming,20.614943440534127,0,3,64.90926870443323,95.10628096842508,1,0
548,Business,55.85177996256086,8,9,95.50051605301778,22.944626993410555,1,1
1212,Arts,26.53601117190316,18,1,69.06431323729844,79.48989106144786,0,0
7656,Programming,63.38837133640267,6,6,78.20733735815587,36.031719202584235,0,1
5334,Programming,66.87507447118715,4,5,93.6114584867073,98.43762114665499,0,1
4712,Science,72.10556150314714,12,8,91.65622690799164,4.445659843011873,1,1
8677,Arts,44.97174815893753,9,10,99.58943237206657,41.47876453072497,0,1
5682,Programming,34.08731404370523,20,8,50.56695291171948,51.3873248116503,0,0
8835,Science,7.052625371210137,15,10,58.74270038427077,61.23584171610206,1,1
2606,Arts,40.51182065618518,7,7,84.13661667109162,43.141739931961865,1,1
6566,Business,17.200542291464448,2,7,66.77819237505666,13.70781674983208,0,0
4009,Business,90.64140052160415,12,5,95.3946814243713,37.08997504932074,0,1
6495,Business,29.205953681134748,11,8,59.94863592874982,26.389538577120387,1,0
373,Business,5.621797170028102,2,6,67.8544748882983,38.95945439924871,0,0
8388,Health,53.195250408439186,19,4,92.03606429977054,99.02767116879038,1,1
5104,Arts,74.34012710854168,8,1,83.6747517343513,29.419810517269074,0,0
2615,Science,21.904645705760768,4,6,72.78852150289683,55.7168526535654,1,0
3273,Health,71.89325476650619,9,3,58.93807921820053,60.45784784843784,1,0
1589,Science,67.46543288078277,13,8,55.07779429753203,60.1334231177981,1,1
3577,Business,2.5212588227376074,3,3,88.35124117829,42.316143260452996,1,0
5392,Health,39.18750046208349,1,10,53.44504405492631,55.96779562290756,1,0
5568,Health,66.97623480074239,13,5,99.83897621046799,25.091146752915026,1,1
4861,Science,54.845475952771466,6,8,59.34831530318564,40.965440746558144,1,0
6240,Science,4.680353516914952,11,0,75.96922505092694,37.56351059883871,1,0
7624,Arts,29.703772272575407,14,1,90.85540563383856,51.048079674339505,1,0
2685,Arts,56.49339588926032,7,4,84.4213026160467,14.091570976250667,1,1
8753,Business,88.05284426724094,8,7,92.2185560098548,26.86475055537253,1,1
4264,Business,50.08816307929838,2,7,82.25019297629314,83.64073321041747,1,1
5454,Science,36.517395179147634,11,2,60.5136766813182,83.12990345058597,0,0
6860,Programming,88.92961312745989,1,9,95.6782898136151,30.439877969055996,1,0
1013,Health,15.77753325425548,13,9,70.736997823861,27.065683689045283,0,0
2681,Business,57.82219023266134,4,3,98.15023385652947,10.608243080344714,0,0
5690,Programming,52.4889038229776,16,3,62.17535079756498,82.75687695768455,0,0
684,Business,41.64175565079136,9,3,95.88949548556919,38.0898352391083,1,0
3620,Programming,82.11404147758725,1,7,84.58316153723598,0.8178706992683527,0,0
6880,Programming,67.59222520380474,4,5,94.58274533701311,31.424549539309854,0,0
1467,Health,60.821692082705596,19,9,59.43335415088936,10.76135614747109,0,0
4443,Programming,78.79243288898168,13,1,58.64519955347364,51.15574331724856,1,0
5943,Health,52.685283542595975,0,3,76.5487767453294,23.811752839589563,1,0
4292,Programming,67.53635467000025,3,4,78.37931924431625,74.7676996999029,1,1
924,Health,9.220837023208457,14,10,86.84137701138116,41.426327834121054,1,0
8139,Health,70.17396544668404,5,4,74.04774800258863,50.974935209253026,1,0
1739,Programming,77.91769245085959,15,0,83.86421622326522,8.983253916563793,1,0
8341,Business,72.72158190188976,5,5,72.18596247683395,44.31875408939061,1,0
5756,Science,63.567143069015415,10,10,63.309164764049726,12.83318260029005,0,0
7420,Business,82.09472513741159,3,0,58.63880748469572,37.96588710448074,0,0
6290,Business,36.748349857726225,13,5,78.96654033351574,22.96475666744733,1,1
3693,Health,96.98312580907667,9,2,54.925404811094694,55.34991383184398,1,0
509,Health,53.45768692630241,12,10,94.16400657560064,69.4385164354344,0,1
1514,Health,32.24970907125008,9,10,81.87908546437244,38.83697797561092,1,1
5880,Arts,99.88563789127849,17,5,77.34289963021425,26.268906752622268,1,1
6622,Arts,87.77207569564918,15,2,97.16171816333213,26.24624102500749,0,0
4084,Health,3.462712319445939,16,9,50.60346736292031,87.20039132290405,1,0
5155,Business,12.148107754891868,2,6,86.49536672495742,11.190001929607007,1,0
6288,Programming,97.57877617867139,1,4,60.998562430770676,77.50975577888833,1,0
6651,Programming,40.31809749434911,20,7,79.7115012574209,77.4131395527919,0,1
6853,Health,35.46145920327953,0,2,80.75678455834742,88.84636920215218,0,0
3766,Programming,3.5549096509318767,16,0,65.39407865302266,98.48378959075151,1,0
6577,Business,22.07881127482626,15,9,89.21920440859876,87.46896640735626,1,1
7121,Health,7.448586628418697,4,3,78.66814066549205,95.82665063990228,1,0
1889,Science,85.41394915707035,8,8,64.97135740634761,38.16133053517159,1,0
7446,Programming,77.98661439809122,19,0,69.96097706141649,98.30815423027856,1,0
2582,Health,22.943084147138357,8,9,56.336619113244964,47.15676644814424,1,0
8213,Programming,65.90026154431753,0,2,51.171577444451465,17.729675611124897,0,0
510,Programming,61.875398442126674,10,1,98.84298239064773,40.41541582269905,0,0
662,Business,16.670339349850707,1,3,62.727724637285945,99.15014385349839,0,0
7295,Business,90.68956576518886,9,9,67.71369819771175,83.6153679815257,1,1
1665,Science,58.838254094340094,6,7,56.16944827883594,92.04064820297724,0,1
8916,Business,64.90356337746894,20,3,62.01771209838768,43.78457666947734,0,0
5345,Business,98.64922375506836,11,10,76.36468894297771,49.8358896660562,0,1
4669,Business,59.77160536523423,1,5,66.86400446519397,38.819553011827665,0,0
7438,Arts,39.69252137745496,1,6,53.29486587271551,11.338589379988505,0,0
2580,Programming,49.69383026792159,7,0,66.90714935744089,24.73672516788469,1,0
6975,Arts,29.606824094931,12,9,70.94359196117814,36.23549366801379,0,1
3047,Programming,10.033239289121282,15,4,74.71522123324145,87.89564074665988,1,1
5612,Arts,54.72742347840786,7,2,81.99519185154419,77.63472101371325,0,1
4511,Programming,27.84660078540914,3,3,94.57418161413217,61.69437077365727,1,0
3675,Business,89.02014742664706,5,2,58.269757898714346,30.827741838904277,0,0
7897,Health,94.5709842606118,3,7,82.624059899086,12.898220568379292,1,0
2145,Health,37.61897393916436,19,1,93.49065091994808,20.274511267187467,1,0
3601,Science,21.025044992461005,6,6,76.23900480496326,73.43994041991076,0,1
7517,Arts,37.7719611140265,4,9,53.925471960048256,63.1181146696609,1,0
7389,Arts,7.135129690961617,0,1,86.02810301969126,35.55093550279944,0,0
5437,Health,89.15179817413735,4,1,75.41203543437001,23.0279916685876,0,0
905,Science,58.93428375389253,6,10,54.605843008663655,53.14625423528132,0,0
591,Programming,71.61885122062596,11,5,83.66017563707332,28.85257348054391,1,1
4337,Arts,34.1870948411436,20,10,83.49451697140151,38.74433439152841,0,1
124,Arts,16.693503168713534,6,4,88.69374055309984,70.87936449015578,0,1
7273,Science,40.61480583667867,12,8,95.9482655091328,36.64400493609359,1,1
892,Health,96.59966430187482,12,10,76.37671911191731,55.22017462533704,0,1
648,Health,36.08797520675123,14,9,60.79209512620273,13.114921484146013,1,0
2523,Science,55.64979905726947,4,9,89.91515939072879,35.695987550639316,1,0
3890,Health,86.26368913312344,12,7,89.20168114687723,48.46094383736006,1,1
222,Programming,28.543501519813393,17,10,77.74984534884604,48.418954202017716,1,1
5088,Science,98.19099452078424,1,5,59.23371738461239,78.77533337173111,1,0
6544,Business,56.132173189036344,12,0,73.06267442848888,52.42026957555469,1,0
3082,Arts,93.58656320691662,7,6,95.54439772528055,66.22783012482931,0,1
7887,Science,44.39970881695222,17,8,96.85919894522382,18.154870231899046,0,1
1548,Science,32.011823308393375,8,4,89.95349145892489,21.231984656483284,1,1
5803,Programming,71.15341964307797,9,3,79.3726978753134,55.674902441877606,0,0
7774,Programming,5.8697100329701835,16,3,94.40419705970713,6.911434923291393,1,0
3478,Arts,93.7321047400478,9,0,51.74683306953211,35.52786838876294,0,0
1931,Science,71.9002892795835,4,10,70.95892756985111,80.83900281615074,1,1
3826,Health,26.4605364664183,20,6,62.906554109264846,63.22378637099175,1,1
6636,Health,29.874218279592764,2,10,95.94453252267354,20.90405083746876,0,0
5269,Arts,61.82659092239942,9,6,57.112121654786066,74.03984707524745,1,1
358,Health,9.380226604878269,10,2,75.62250194167308,34.78988117336945,0,0
1074,Arts,22.39744541878115,12,2,92.52800199980206,4.667284783556369,0,0
2595,Health,76.32825582316278,14,7,96.57757424421875,45.22961341588309,1,1
6554,Science,99.05610747409607,3,2,65.12444342764132,78.33061719603648,1,0
1544,Arts,53.017767832654584,16,1,85.55264007641097,93.76406074265056,0,1
567,Arts,8.791159094043437,15,2,59.20918395771306,28.74630660406793,1,0
8743,Programming,41.41111509992438,10,6,61.08239610963151,20.1509393433823,0,1
7938,Health,76.7777894577324,19,7,53.428864092356214,8.15731448709066,0,0
3454,Business,83.97776093870758,20,2,75.15662213232356,5.127453988407115,0,0
7501,Science,79.38155640696563,13,9,54.24697457089925,87.27959651265887,1,1
7797,Science,60.68162993184873,13,8,53.72515821385116,45.32926653399221,1,0
6100,Science,18.072732147770076,15,4,92.97816536773806,7.834627242715597,1,0
5739,Health,96.79706218054805,15,10,88.08007846255006,86.99301584794588,1,1
7710,Business,58.342897767539576,19,6,52.48063976738545,66.87642296629292,1,1
8151,Arts,89.358630490321,15,4,97.38912541104311,4.3808763274806655,0,1
5744,Programming,39.36906749168338,8,5,80.2224781419382,39.44191208134017,1,1
8868,Business,11.850189163177575,1,1,67.74824979548167,64.09603994553768,1,0
2993,Programming,13.435657648509904,6,6,86.17579834656539,88.75149466366159,1,1
913,Arts,66.412011917806,4,8,72.40794139979337,57.978997262870735,1,0
7715,Arts,8.459067639741923,2,10,65.68648743823336,92.1287581901002,1,0
5676,Health,9.306351640991602,15,5,95.98850007485296,29.459651741737,1,0
5462,Programming,72.16011444718254,2,3,94.16605725777475,15.846806957417792,1,0
5038,Arts,62.0716925428208,9,9,80.7898371246802,22.828278513268717,1,1
3224,Science,51.02787130025215,1,0,69.97863493574519,72.12767828882392,0,0
2091,Health,63.69506475096655,8,7,94.76242079945189,61.098942842723424,0,1
6031,Health,82.66890950192234,12,8,71.43785629624053,87.64995684121753,0,1
5218,Health,68.59164012307707,5,5,61.865600455072546,32.0709053984187,0,0
1140,Science,3.887896188833372,10,3,89.30595872079253,95.19882472610021,0,0
7421,Health,56.014650531309826,18,2,60.30479116175272,10.221385745931876,1,0
5741,Health,12.537916389864627,17,8,97.57842100176235,30.943669472900194,0,0
1280,Business,69.78725225730035,16,6,75.0912590971904,28.811859491335213,0,1
6407,Health,67.5427200063083,2,8,95.82232181931218,83.312978693456,0,1
1592,Programming,17.274875748513,1,4,50.672790420733556,29.605655855068125,1,0
4155,Science,12.349354414984976,14,0,91.76830911827909,72.2579206121812,0,0
7055,Health,1.868700751129865,2,6,64.82360016573666,82.66361526943064,1,0
4435,Business,17.542908688797755,6,8,56.21581345294934,92.77775181673621,0,0
941,Business,66.6728984846928,16,3,79.05668368450966,70.49471601227695,0,1
3708,Health,38.07907909265307,7,0,94.10351651965759,77.77821207646241,1,1
5325,Health,54.66755441063356,8,3,93.72398532280275,97.01535679215165,1,1
3285,Programming,37.6616973696017,2,1,82.71274960041201,46.29216474371653,0,0
2046,Science,84.80887792407488,17,5,57.74315394599321,34.781569255523735,0,0
6354,Programming,83.2823417749659,5,2,50.52661293590157,84.53289163712302,1,0
7017,Business,63.10512248279396,0,4,95.68040233426336,90.69205500175597,1,1
6745,Programming,73.91292666296114,12,5,75.75574684392791,71.02619391145936,1,1
3964,Programming,31.683061013687475,17,6,61.614649550214665,23.46695402766966,1,0
7345,Arts,47.66544741444757,19,8,50.36687551779324,72.52331603230623,1,1
7354,Science,40.586010818584334,0,7,64.99060305113292,6.1188979287322365,1,0
4390,Programming,87.10708823337866,9,9,52.697014420322844,85.5350214123492,1,1
5087,Arts,82.52185232217275,19,8,90.46645091490493,8.257842160374551,1,1
3126,Business,5.503167605755185,14,6,74.88944332588808,79.0682667908688,1,1
1759,Health,23.5147511436294,13,7,71.46558990687238,3.0395729758473045,1,1
69,Science,90.65263161974009,20,7,60.49353549255538,82.17891792728483,0,1
934,Arts,20.655743027951964,14,1,51.69955254501906,3.1745039787305918,0,0
3585,Arts,75.30187408897815,14,4,52.46590149045588,24.143185919747545,0,0
5719,Business,52.2471608127429,11,10,81.68659101412103,25.518577307306355,1,1
3638,Health,64.79220434876416,10,3,58.926957728339254,62.58535064496843,1,0
533,Business,4.074630727480406,4,5,98.65275077420125,87.32025412238332,0,0
5243,Programming,11.01139362998417,4,5,88.07973507406788,11.11650658800981,1,0
7734,Arts,45.800830758900766,13,4,50.795283815411665,7.255885034049636,0,0
2749,Programming,87.12068745514176,11,9,67.46638721885509,83.34626668602832,1,1
7765,Business,84.04922697000698,8,9,86.26246797719656,77.95116392775024,1,1
6636,Health,29.874218279592764,2,10,95.94453252267354,20.90405083746876,0,0
3640,Health,12.679920944265547,5,4,97.95671544726365,65.06915516333056,1,0
4612,Programming,66.98730707447119,10,4,88.98279423680486,74.24695985083369,0,1
4970,Arts,67.34836127370954,12,9,89.75188679165628,25.259861835983944,0,1
5560,Business,63.22104757881714,11,7,72.41129546189231,7.9194116569488155,1,1
130,Health,28.19579824790722,5,6,73.15873000112123,81.32869564916969,1,1
2430,Science,17.923544463190993,11,4,79.23091758219438,51.31589833199954,1,0
4534,Programming,95.00004774217702,19,8,68.62925298018403,74.26486579951657,0,1
455,Science,44.60302249494856,5,0,63.772089472081795,46.29772029160518,0,0
8586,Arts,12.587106786155907,2,6,93.604810881314,69.45191246504663,0,1
2900,Science,63.923754718810535,12,5,92.68297248905884,65.17635647014556,0,1
766,Science,36.57456006106293,7,6,89.78044295884692,75.57073311276639,1,1
1335,Science,60.02208427083531,7,10,94.69918306691142,15.791692602676777,1,1
987,Health,78.54571915144777,1,2,54.364439883694345,42.48632135395282,1,0
2693,Science,1.4975248331658815,3,9,51.40216000830368,72.50440625769706,0,0
980,Arts,11.211529326957745,4,2,72.18798771764003,49.975758772328845,1,0
2895,Health,75.46333433350893,7,1,71.97391140672386,99.2022027021183,0,1
7977,Business,12.25147486985665,3,6,86.12851340298481,64.52405223298521,1,0
3762,Programming,43.87494015661099,9,7,81.58540966963773,13.508400997230495,1,1
5996,Business,56.6016207951536,12,5,99.08740810522177,60.70360988048664,1,1
4764,Arts,79.43001237714893,11,1,95.48816924980432,51.79865142929838,1,0
7768,Science,49.05191662175023,19,6,52.034792755053275,84.9001603880001,1,1
1386,Health,77.43114681126312,9,6,89.32327660722724,7.685014670629053,0,1
5358,Programming,19.996867422091434,18,0,99.65198352666923,24.627292189897343,0,0
6743,Science,74.9101007065359,7,5,82.4420002222367,25.97449178029295,1,1
7229,Business,43.55195211599681,11,2,94.48884509241626,64.1652930378291,0,1
4111,Health,1.8153879176040524,0,7,76.48232908650218,10.742866368197257,1,0
8339,Business,78.03444046736566,2,9,83.79972520603063,44.30623314536245,1,1
5668,Programming,85.54608152614053,18,0,75.00551857289112,12.528401480024575,0,0
4527,Arts,9.897949729963164,4,4,92.1819394802132,24.650489564658116,0,0
8256,Business,86.58321345816499,13,9,81.42168588376855,59.728022726675455,0,1
4307,Programming,83.0608140856119,6,7,81.89768158627128,15.431458229709028,0,1
5043,Science,44.84418010448316,7,5,91.63549335024794,95.1737697020116,0,1
5529,Programming,26.629985455079943,4,4,72.96882284219363,91.78755811186461,1,1
5904,Health,81.87987659701274,9,0,75.79062158526317,16.40896015540829,1,0
4620,Programming,99.20770389247026,12,2,54.099897717006215,17.333281551354276,1,0
86,Programming,72.31694806048809,19,9,89.96926624775982,57.173670757196795,1,1
2086,Business,77.71098181601363,17,9,58.60540312441194,64.08788900561512,1,1
4451,Science,5.94232608067453,1,6,56.46371064843353,12.563388191293345,0,0
1531,Health,24.48818200205659,4,9,92.16506366751052,80.00527068164313,0,1
3052,Arts,2.8271854852592417,5,2,93.52627201766296,46.47703190465482,1,0
1768,Programming,46.77378327752618,8,10,59.93711206448216,69.98238930655015,1,1
4939,Health,72.55344125112998,12,10,86.75747304654419,18.53856066096401,0,1
3402,Arts,90.68924000026979,1,4,66.84092627634348,52.68350927876572,0,0
8944,Programming,93.76840872301176,11,6,74.45602474962544,59.55007988268422,1,1
7989,Health,53.389819775910134,11,10,76.08065105204457,79.24318321785566,0,1
8359,Science,65.92904590881353,15,3,86.47400456342504,62.52450504506629,0,1
1375,Health,37.991379340925434,2,6,60.757547630350246,77.9017020362454,1,0
4398,Science,28.331438470871625,4,5,89.42593340755158,27.446935352253455,0,0
8129,Science,48.404448767336476,12,8,91.4240199291848,4.529529831429835,0,1
1334,Programming,1.0406186544783123,10,8,60.02540927421243,5.942842871222309,0,0
2864,Science,89.4712162599576,16,6,83.30578690546287,89.48704979515904,0,1
1900,Science,42.86397249684962,3,5,85.39526245867033,43.71800627383554,0,0
6157,Arts,96.13082572424808,14,6,85.03446029431109,42.4789356068057,0,1
4051,Arts,91.60245738147317,2,0,99.33517422478238,26.157554974788077,0,0
1496,Science,25.970090288831262,2,0,74.80484261179271,72.42398029654235,0,0
6695,Business,26.454351637410355,3,4,84.57264436677318,10.302101601769865,1,0
2475,Science,53.54430963642609,11,8,88.11625522043732,64.32440575002182,1,1
5263,Science,95.53408129091653,11,5,50.47599894380905,49.219748914444374,1,0
7713,Science,89.08165829231535,3,7,91.91566022748239,35.942660488282044,0,0
7583,Science,77.41732248620019,12,2,87.99923621971179,50.04556534821065,1,0
7485,Business,68.76989887010107,5,0,69.2199170974698,94.10674453462042,0,0
6947,Science,4.1219281849911855,13,5,97.42207044068635,70.03793886046381,0,1
3518,Arts,72.81580019610408,13,6,68.05404054310756,99.66125552840315,0,1
3100,Health,97.9469246952556,14,0,98.59008058596146,80.94158340268505,1,1
5915,Programming,96.91707421131106,18,3,90.97480927957031,89.8833074537775,0,1
8991,Arts,39.42991910352223,15,6,73.53522910899507,70.68504385498649,1,0
7088,Health,43.729936219862566,10,9,59.31874505167008,96.2198781312535,1,1
2537,Science,55.936073548715484,19,3,54.45283041720106,79.72827647646223,0,0
570,Arts,73.85940249100263,6,10,52.40314219863719,31.356388698349825,1,0
5856,Business,19.41483475374353,15,0,93.32628994907549,67.31310799790988,0,0
1172,Business,96.83917778805817,6,0,62.08665299493622,41.5887399574212,0,0
280,Arts,27.519484698926636,11,7,56.977092572170214,69.67399540044444,0,1
3417,Science,14.813151275407257,9,0,98.53008791407288,5.574511450800712,1,0
4262,Business,81.932327396041,13,4,83.16501194128324,12.136926140191672,0,1
2687,Health,16.339236748455654,13,8,55.19954752739305,47.67157944793576,1,0
1322,Arts,19.39737350096891,18,4,51.81947827004282,65.63815970142906,1,0
1005,Health,73.32095074860634,13,3,67.64123615335464,36.02713852698491,1,0
4031,Programming,75.77855402089325,9,3,88.69345614498391,84.44073438001688,0,1
4563,Health,71.14933338143491,12,7,77.6984394403531,64.4913996165072,0,1
7389,Arts,7.135129690961617,0,1,86.02810301969126,35.55093550279944,0,0
6,Business,21.842320355620686,3,2,67.31912418929907,46.214843866190414,0,0
5943,Health,52.685283542595975,0,3,76.5487767453294,23.811752839589563,1,0
3110,Arts,92.6274028430426,8,5,78.18355327792148,35.53041307765137,1,1
1637,Business,13.168207071682254,4,8,51.44848980486885,64.19777618913781,1,0
7553,Programming,85.39855299263131,20,0,52.66237323128257,53.899687528478914,1,0
254,Arts,10.961377745036419,1,8,83.18411398696091,44.41662294211004,1,0
8068,Science,99.40577560795344,20,8,54.73873261320457,93.05071046945709,1,1
3654,Science,3.5375927385578363,14,6,86.12854906857174,85.05915924618317,0,1
7728,Arts,14.584505929396528,6,9,84.78942944909852,78.97259296955345,1,1
4247,Science,53.49450511025803,14,10,56.37903721810824,65.6553720260748,0,1
2936,Science,32.64219442529905,20,8,72.98978805769173,51.19182656578079,1,1
8466,Programming,83.61054577742854,17,2,56.34920295294045,91.9484243583158,0,1
7936,Arts,58.71764181745058,0,5,73.90153878874041,65.45885524249874,1,1
3338,Programming,13.037147603819163,19,3,69.19744143671008,45.824141891378744,1,0
324,Programming,8.184905006426368,19,0,53.84134784320509,47.82503886916582,1,0
2025,Science,96.03175227456701,13,9,81.76131274907294,5.592845786580513,0,1
3815,Science,5.2583824736254785,4,4,70.06290914272493,20.55855399572819,0,0
6193,Science,62.49220727798481,0,0,60.97798209568971,84.52096129230864,1,0
7885,Science,67.40123304499775,2,2,79.77452721989697,77.78789113093407,0,0
7081,Science,82.88786935488383,20,10,51.606510032372846,96.66514001004415,1,1
821,Programming,32.1692743854648,6,5,93.07364219099114,94.60742942387682,1,1
3653,Health,51.11687257299714,5,1,69.49600866023295,95.38982922036895,1,0
8054,Science,15.613075096601278,13,4,52.61676094698721,45.254833072261356,0,0
7533,Health,51.094528141926816,16,9,55.08094552958882,55.50911098687548,1,0
8562,Business,51.11892171523536,17,9,55.114469472437946,73.92168297482733,1,1
979,Arts,82.55637324213325,6,4,73.26311460043794,66.51906111826332,1,1
1775,Health,93.14995956213141,20,2,58.75701596451462,82.94552793163436,0,0
3885,Science,93.77735171469708,16,8,77.97400323231201,18.370172923179375,1,1
2444,Arts,69.10196590242845,2,9,78.48311513602044,18.86569971791905,0,0
6168,Programming,83.45272505317419,20,9,56.795531115491414,44.304243254486394,1,0
6482,Health,59.47486743425546,8,2,98.42790690349722,12.88247943729165,1,0
2167,Arts,46.635989629041426,15,4,60.39290211735112,18.159088616585628,1,0
2410,Health,15.307007166788075,5,9,67.65091747613565,25.61253613026452,1,0
337,Programming,93.11441145395808,17,4,77.42494984750851,85.5233337174923,0,1
3714,Arts,6.492910264723152,4,10,69.67422516110574,53.80408959262306,0,0
6698,Science,78.46172188481914,20,0,67.2871460165694,56.11338303179607,1,0
5797,Business,24.52450053848162,20,6,73.8271771888647,94.99423597382665,0,1
2992,Health,91.63221124061482,14,5,50.92042806741422,26.284622876125464,1,0
1927,Health,38.44143860329368,12,6,95.53495681201119,80.92021526890491,1,1
3745,Business,50.021987632419965,16,9,90.10368883373954,46.99514686110262,1,1
928,Science,81.80655733441722,2,10,63.08850050724891,26.521360579690302,1,0
4439,Science,24.659672187811974,14,1,83.14560913870446,45.83169502447576,1,0
2088,Science,45.921622264785,13,1,50.012401185423876,76.21272297016031,0,0
1219,Health,9.873545557157174,18,0,77.6843846137057,71.24923482589539,0,0
2330,Programming,56.12759690032169,8,1,63.15663618787046,29.259951414562302,1,0
7903,Arts,52.77574351097926,4,1,58.72996654093461,49.510226331503695,0,0
6983,Arts,83.4164579675254,13,9,66.84596294375797,25.00527934883937,0,0
238,Science,42.994320518851644,9,10,57.73793006700741,72.0668872087373,0,1
7463,Business,19.268970022927768,0,6,69.57944029756533,10.806673975007207,0,0
6322,Science,71.51264029255738,6,0,71.88945418186333,22.078238048233846,0,0
70,Science,12.856236676787525,5,9,70.4335887913542,47.75636097478041,1,0
2370,Arts,35.44889794936643,3,1,58.72890475469145,45.667826539417256,1,0
2286,Science,66.65163511058243,9,8,73.68652877479497,59.99773964567909,1,1
5402,Arts,59.852911636349276,3,7,63.82306176071778,90.07829782767571,1,0
2858,Programming,1.5285750549991657,20,2,75.63902647138372,12.018366571275951,0,0
6147,Health,57.072681342478646,20,10,77.31666410669999,92.09882494094404,0,1
1123,Health,84.30253623566823,16,6,55.82073710662755,49.992892981769025,1,0
8865,Business,81.17776508881836,12,10,77.81104036624596,39.19135180009481,0,0
8307,Programming,19.130401785605216,5,3,55.39245317919547,6.811773157515111,1,1
7089,Arts,83.00397389554242,17,3,68.06636362129873,7.848737788004334,0,0
1573,Programming,50.969208062654815,20,8,77.48838364441585,70.89834720972563,1,1
5875,Business,56.491696304613896,0,9,89.45760268368213,25.94993214916389,0,0
6632,Health,80.02011596790945,20,5,65.0013570796376,93.86667906605295,1,1
4373,Programming,42.96607544770283,5,1,94.41867928565992,33.375778608711926,0,0
7658,Health,45.74882051072103,18,5,79.52555802186527,29.82178768525778,1,1
4455,Science,49.071054026059485,20,7,58.42094230479746,61.50357930359156,1,1
4984,Arts,2.3523284600939087,3,9,84.87062146823213,48.32321991509686,0,0
7687,Programming,84.39332198411982,0,3,65.05061046684783,0.6430822092133193,0,0
4930,Programming,97.96562554816956,17,4,80.9878900362211,13.166490012596,1,1
1309,Science,25.54531253077491,4,5,91.5875432374088,89.49918773219845,0,1
1527,Business,57.76676096387268,9,5,82.68555730668976,44.91778815688989,1,1
128,Science,13.774604480053066,7,7,60.372951403953095,7.413517806665637,1,0
4644,Arts,57.40075857150558,7,2,96.33580923158848,21.483149900602626,0,0
5108,Arts,49.2935346989523,5,7,87.20652181843221,30.305863421663993,0,0
7498,Programming,50.35594295479803,15,8,95.46550679049176,91.28230450206024,1,1
5927,Science,46.704258895380114,17,4,97.2952664187302,9.268102308636728,1,1
3499,Science,22.287234366262272,1,10,51.23413666585917,86.53047284828054,1,0
3007,Science,73.03174098716958,20,0,82.5557974641601,68.78245280715231,1,1
1422,Programming,74.29099005355118,6,3,55.81406607805931,11.760327789580028,0,0
25,Programming,76.84955305669502,9,8,76.19477515851018,59.05093005224609,0,1
7091,Business,83.0993810755209,8,0,90.38599446605298,81.95368624915554,0,1
1048,Arts,87.25642182399456,11,1,85.69741952562175,85.78753342124294,1,1
7231,Arts,79.1252511779983,16,7,63.751141557325475,78.48585594445444,1,1
1677,Science,5.443220630799084,17,7,76.42155891963546,69.52905523144531,0,1
4934,Health,76.13426291285347,17,3,82.37297788309927,69.48664925444432,0,1
7233,Health,3.87483948331767,13,4,76.84619599596141,78.8047836405585,0,1
8534,Arts,42.44191338151959,14,0,79.56068295681864,45.27893931365662,0,1
1776,Science,25.329280906402897,17,9,97.29928065166749,13.120246452775996,0,1
735,Programming,79.8107840142968,19,9,75.96275107852017,38.957727977919824,1,1
6478,Programming,45.498714553357374,12,9,92.3116235894308,57.45902971394422,0,1
462,Business,67.0677651419892,10,3,66.672220070364,36.83659406443098,0,0
7262,Health,92.02353045528235,12,1,53.198014186026334,8.577950303700243,0,0
5988,Science,54.227197934780236,13,10,91.68122217326561,41.556094321591374,1,1
4004,Health,60.42164249513497,11,7,67.19859136767556,75.82559802528304,1,1
7951,Programming,61.3425108196825,12,5,85.84095225053731,86.19994869954367,0,1
3961,Programming,68.20894500666907,0,4,62.67173995631332,15.865105202754537,1,0
937,Programming,77.27076691979573,6,4,53.30220216724089,65.17826031685321,1,1
3633,Programming,9.768249208682928,9,8,68.81188597303148,1.0236431290477577,1,0
6846,Programming,96.57348166267954,9,3,95.93244045239743,99.77887127787187,0,1
1984,Programming,93.33192601677561,7,10,50.51850836461528,86.82734663233012,0,1
334,Health,42.08477807870467,8,8,57.84978279699799,91.348629572967,1,1
5363,Programming,58.43746060985685,5,10,71.12718033239959,38.99835813102194,1,0
7309,Business,56.61798741355166,8,1,72.25744782502923,71.23257990480857,1,1
7741,Arts,60.895303072465275,8,0,76.82186186071232,9.86493541968052,1,0
8559,Programming,78.64517577408391,1,3,75.84503577052146,67.80604795384512,1,0
6597,Science,19.881008047469784,13,4,63.37429746175185,78.03396941005174,1,0
8227,Business,68.76045579785651,4,9,88.53203665008778,80.36162570396714,0,1
296,Health,61.802716181570375,13,9,62.08911638915529,52.19373248674412,1,0
6218,Business,7.318777436261646,4,3,87.14966934761102,21.944437888809954,1,0
8053,Arts,5.723125803933332,11,8,91.78339033585614,0.4634185938863222,1,0
1421,Programming,90.81707356043079,13,2,80.3095395688866,32.343393380965225,1,0
5464,Arts,72.4690478252381,14,2,66.86054362269032,11.694639054891898,1,0
6219,Science,33.70541118120704,18,2,67.66876458085662,65.31674536874536,0,0
7568,Business,89.21401107612293,3,4,80.11488447691482,71.14750570020651,0,1
2596,Health,98.61676489144654,2,7,52.247747800067806,87.83339279746923,0,0
4171,Programming,87.29006778655616,7,9,72.46441854621816,62.56426218045564,0,1
8456,Business,88.49396836265007,6,7,86.42689649097332,60.66094051998251,1,1
7415,Business,18.896222010789412,0,9,56.2642229288996,63.03444918151667,1,0
1190,Science,24.10623067635457,4,0,54.87004546866349,59.34478627279508,0,0
8467,Business,75.49934739646585,12,10,55.58621326712857,26.50613083856652,1,1
6166,Science,39.88226817033228,11,0,75.97555836574539,65.4730056247233,0,1
4106,Science,81.85778266779546,20,7,75.81844202679274,24.15207639181467,1,1
7489,Programming,79.11148357150877,19,6,52.43909087993597,6.595547997361839,1,0
167,Science,53.82807619961187,0,4,90.19147486100732,36.80708281149574,0,0
1344,Health,95.63596119624238,4,4,67.9855996073354,89.98975408223416,0,0
2153,Health,94.28779285221947,15,4,90.29889560182517,98.15643392927397,0,1
221,Business,54.121240812833406,3,4,64.58726741277904,78.7310314933235,0,0
3907,Business,82.09728550952674,13,2,71.98540197335537,53.8765167431998,1,0
8773,Science,55.078548792685964,15,5,78.51442226047931,87.43051151014157,1,1
5467,Arts,74.89550405156639,16,4,81.91286500711735,83.78394191050323,1,1
386,Programming,53.329835942306794,11,3,75.5169879875403,32.8674975553661,0,0
6866,Science,52.87344606588568,17,2,97.48307172458163,48.492500156947706,1,0
6887,Programming,98.48386983760867,14,5,94.00587570325493,53.982932286836274,0,1
3180,Programming,11.581454133616107,1,5,52.5070011051368,14.95627763326034,0,0
4057,Science,44.57427644725575,7,6,63.38834806491206,78.13058122993762,1,1
7094,Programming,94.93928086504692,8,8,77.09061573023999,28.61619116298517,0,1
8127,Arts,39.82134808117475,10,5,69.94236317357691,97.56427796199837,0,1
3298,Health,57.63788188019088,14,3,58.13718384059053,75.06733465584017,1,0
409,Health,40.03977348871577,9,3,91.1564505617715,14.648810241985878,0,0
1798,Health,12.528106884386432,17,9,63.17722357246521,16.9534141315135,1,0
3913,Health,39.81092394555554,6,5,67.44749110744064,17.495661302648646,1,0
1164,Science,94.15561299643659,13,0,94.91474861773693,46.3121358596266,0,0
8728,Programming,33.180100837349165,2,3,57.672503655695515,9.93908247473614,0,0
323,Business,8.75548355843866,16,8,73.81262044638862,85.19373967502435,1,1
2358,Health,8.74917359225771,13,0,94.20064658497624,31.71421654115457,0,0
5030,Arts,13.914895230558722,12,8,62.28348878638905,35.2566496353807,1,0
4564,Business,62.719747550892734,8,4,67.4977086857787,45.92583858144265,1,0
7702,Arts,77.64734025846953,18,5,85.23993974049219,38.40805947209499,0,1
5151,Science,59.14931116629112,3,2,77.22537357010364,60.70295495132686,0,0
465,Business,62.70812894214669,11,2,94.29476970172824,82.44583961993368,0,1
4303,Health,19.083641836844354,11,8,69.50481982660125,45.5406920476522,1,0
5430,Science,47.60526194510253,10,10,83.64025604365179,51.61278103248965,0,1
5220,Science,66.68237397859316,1,4,55.49033119739828,9.132244005330847,1,0
8572,Business,47.686677013329025,6,5,84.12144480570458,68.7317448389289,1,0
7831,Science,9.246955728067842,19,3,90.83824962088795,43.276939769711284,1,0
828,Science,72.30652447079217,10,3,90.9451138257065,56.88807171590883,1,0
1170,Health,18.799983536012466,9,8,99.92950954480776,85.23288353947916,1,1
7276,Science,54.88113702573543,15,5,56.284894757647876,11.505270573746273,0,0
4500,Programming,24.06424899572587,6,5,78.7986125485082,38.21001520443691,0,1
5865,Business,44.97027601979185,5,7,57.64496473583704,52.00538328145387,0,0
5710,Business,55.74458301572654,15,8,95.13773354164593,62.01558393885646,1,1
6565,Science,82.95916757111121,14,9,76.09889365094544,68.5455252276463,0,1
2387,Science,59.0952240622828,3,2,52.31351063849999,58.16824411925262,1,0
4985,Science,8.687143619975783,15,9,78.34189156677334,20.71826471845155,0,0
8591,Science,7.336008192486302,7,6,93.57309966513967,40.897886256521346,0,0
8241,Business,31.429899201200442,9,8,63.49244423441883,38.653246518142126,0,0
7503,Science,4.634090297658211,2,9,95.46529567858514,18.96821159447294,1,0
4250,Health,94.24859231099458,11,2,77.76128951805882,41.01247121513916,1,0
2262,Science,30.45177432927415,4,6,50.868280411532105,65.8026683488274,1,0
5320,Programming,34.255470665562264,6,4,69.80408716071122,41.06329301600156,0,0
2313,Programming,62.75158505255404,20,8,65.95683370710732,95.52124051890723,0,1
8463,Programming,3.579730712573707,20,6,76.08013929125292,71.37626902906568,1,0
2856,Arts,65.73621349055648,3,6,91.64961376678812,77.22166814539483,1,1
1246,Arts,76.30977579834561,2,5,57.639185046827066,38.57651719061694,0,0
2505,Health,7.806344256779054,13,7,60.82426367929115,27.93521277702692,1,0
677,Health,2.350344737752226,14,6,78.23644097847742,75.46355032196034,0,1
4817,Arts,94.73232605588043,0,4,92.2780595255152,35.48165263951864,0,0
5098,Business,92.47941475059521,0,6,52.88461876459709,28.509226595629134,0,0
2767,Business,75.17249934399892,10,1,51.15750905966356,94.05114479027445,0,0
6096,Arts,95.9198777501004,3,8,79.80683388043423,62.42138922214201,0,1
5074,Science,4.284241617821608,16,9,80.31455050295122,34.50447656384977,0,0
6691,Health,88.59550501505939,15,4,78.01428109830529,77.48543467349069,1,1
3618,Programming,78.87859909155833,13,0,88.52928702948958,20.76141656074354,1,0
4162,Programming,17.302355988223205,6,9,79.44325743094149,39.02759073685339,1,0
7816,Programming,67.10784649465502,6,5,50.503592772227876,80.71234173690544,0,1
6946,Health,98.61020675574032,14,2,93.37250957472742,78.73660908161284,1,1
4525,Programming,92.7903089358629,1,6,92.75639183438005,70.50131478752392,1,1
4367,Science,71.10658612525717,6,2,59.32706887080102,98.09503137411276,1,0
4041,Health,5.353192520524029,2,3,98.17943292677151,10.252430729720485,0,0
5054,Business,34.212184445526105,16,6,92.07841285225919,83.25153826596379,0,1
80,Science,27.26322381951919,1,9,94.94940657300228,63.51299045165304,0,1
2791,Science,55.44791965200256,9,6,69.85459411105651,70.36320361943358,0,1
6988,Programming,11.616344375182829,17,8,51.35670951810815,51.4405939850985,0,0
4149,Health,58.328180240913454,16,2,61.73640107404731,35.08923994514734,0,0
4305,Business,72.88450076857244,11,6,92.88995921370392,75.89211613300641,0,1
3751,Programming,3.5117773161892436,1,7,55.27675225778616,12.372737484735241,1,0
3503,Programming,77.40874137934523,6,5,99.50960469669315,46.001684867900636,0,1
3640,Health,12.679920944265547,5,4,97.95671544726365,65.06915516333056,1,0
2260,Business,70.41297200697412,2,0,65.26652108628402,16.637448374317632,0,0
407,Programming,70.84416854152776,19,2,64.59409385467778,68.97062869558097,1,0
6091,Programming,71.97153338413045,2,5,96.9055658324082,62.65416529444576,0,1
1843,Programming,8.35043907372403,9,5,89.94685926214795,67.69357192784567,1,1
5577,Business,37.81770395457642,3,2,95.11878968647522,41.27304797661895,1,0
3534,Programming,63.01992167015153,13,4,58.897706510440024,95.168035624424,1,1
7654,Programming,51.26069863887336,6,2,66.6238738270655,72.93644723926,0,0
1188,Arts,81.45661129420246,19,10,60.16927613917589,64.77962810907285,1,1
526,Science,35.05398399532065,9,5,57.957712304008844,51.80869056294569,0,0
7425,Business,98.9314460540112,19,7,59.95155762669794,68.24494800805381,0,1
5373,Business,10.987991408480035,3,2,70.58047891926859,65.18767732847807,0,0
1719,Business,83.34674471833077,2,7,51.33437132396095,44.89117536539127,1,0
1465,Health,46.24537126706992,19,6,63.61829252304089,14.296657186856155,0,0
3511,Business,73.43294448806891,0,10,73.60875700869725,73.63284263050492,1,1
5789,Science,3.735345825033094,13,10,85.4577931901133,25.198239159516522,0,0
8766,Programming,25.96962093356883,3,2,89.06894068049478,77.01968760493118,1,0
6644,Health,26.640846998281866,11,1,74.31829888564428,26.196254414265617,0,0
5016,Arts,51.51600197584427,20,3,77.44761598507651,36.19024158852088,0,0
1377,Arts,10.473321489742114,11,2,62.96271510227846,53.85520439303857,1,0
8354,Business,79.95898970091767,11,1,77.36985452091129,10.232172214902313,0,0
4771,Programming,86.09324281950148,20,5,75.65407053647627,44.94763204110497,1,1
128,Science,13.774604480053066,7,7,60.372951403953095,7.413517806665637,1,0
6656,Science,4.439472446310367,8,10,98.49116689265023,20.70846545136995,1,0
2220,Health,24.305317635311138,5,8,75.23421167496679,88.15634021211409,0,1
6921,Programming,96.92126999428976,18,0,54.603012736285116,8.493377925036228,0,0
3069,Health,22.186704204213548,13,3,54.05185843822823,26.40718138164454,0,0
4063,Programming,51.51137747376201,15,0,62.363987380539996,20.913661725969103,1,0
6863,Health,77.06813427656745,9,0,92.4005158388209,42.73683419740071,1,0
3644,Arts,89.08379814352261,12,7,98.49062128456009,94.10234655606867,0,1
8607,Programming,99.67949591365449,14,2,82.02427067849042,79.55515739484163,1,1
1509,Programming,81.00754785339706,17,10,78.00963317882629,35.351878900003655,1,1
5832,Science,1.9989500971662706,9,10,54.18007503679853,89.2421458230369,1,0
7826,Science,68.61319776066442,15,10,88.64533727697608,61.44301630724299,0,1
1191,Health,45.88368995481157,11,3,59.53108777774085,85.6306085626771,1,0
1917,Health,61.60370723537968,9,9,89.55796384211001,36.01261219941615,1,1
2190,Health,42.50567568257761,14,4,61.184503412606404,69.34020470667066,0,1
2057,Science,73.94486635114032,10,1,94.30271530649931,9.767907172478928,1,0
3796,Arts,66.09192876850926,19,5,76.70066789316485,23.741979426362548,1,1
6138,Business,31.270189227206938,9,2,53.55189137396368,38.12436315040959,1,0
7846,Business,20.082449030858516,15,0,54.98716736144044,73.08677435506759,1,0
5318,Science,80.63524824460498,1,5,88.46972618633782,92.73471088807739,0,1
7664,Health,42.3558832566447,12,3,88.95604312045288,80.19094699754497,0,1
675,Programming,49.90715538933126,19,2,76.55773112150376,28.107993860567593,0,0
1564,Arts,39.71813217067383,12,5,65.65745120699066,97.09457758707197,0,1
1684,Arts,22.212909121715697,3,8,66.63831225043249,56.10111310257507,1,0
4731,Programming,42.32815103828041,10,2,76.20542323833722,60.427779017924955,1,1
3248,Arts,19.553717510393916,9,5,92.4842568061501,62.43490281584347,1,1
3067,Health,28.182659239551135,12,8,64.26888406588489,82.17678998449595,0,1
1061,Programming,59.45218420768124,10,1,62.10691664315911,26.204518775758046,0,0
5650,Programming,15.320835298690707,7,10,90.72143673947653,7.793455795010207,0,0
1979,Business,50.2182277724043,11,2,77.06620494013079,42.80600801865584,1,0
3145,Health,23.12593711132816,16,7,93.54931883752903,42.36842052422814,0,1
991,Business,48.61321920034605,17,10,79.62922879776899,6.2250412222387475,1,1
2507,Health,33.56305804286171,15,4,82.06588662718147,37.658942548053695,0,1
6473,Arts,61.67262262237302,3,3,95.9622085251168,95.46841825153729,0,0
6754,Business,4.854437021647747,18,5,68.4359757809315,88.33420087804066,0,0
4810,Arts,53.68359101349873,4,8,99.7965582949021,43.57060739395951,1,0
3091,Health,94.29111499856866,16,10,86.21476764667973,39.40175522428107,1,1
2846,Programming,10.97991251676944,4,9,68.76729266912855,10.44748171722304,0,0
3810,Business,87.99106079878152,9,6,96.12486048743386,28.605011331391626,0,1
6581,Health,24.219865974057257,11,9,98.93904980885753,6.877217232389732,1,1
2327,Business,22.25877738703476,16,10,83.30443694793813,5.904350120180246,0,1
6543,Business,21.940531256678515,9,0,58.771940931704606,78.09862626419701,1,0
669,Business,44.511270264307626,6,0,80.28518705057994,3.241038883752334,0,0
6741,Arts,88.92268398213572,11,7,86.1941912471672,13.159923134454953,1,1
4202,Arts,91.83494799580446,6,5,77.78597161888646,10.135749978159703,1,1
2085,Science,17.736717164236868,0,3,82.78136713178,47.198758587956306,1,0
2150,Science,62.00620090908834,10,2,56.35729629131769,63.29065037857015,1,0
4530,Science,11.555308007736926,0,6,60.23056286500592,88.61771635707026,1,0
5268,Health,83.45205511755282,17,5,59.257016598697376,28.794572945144104,1,0
6785,Science,40.79009851227497,19,0,61.485329327062686,80.04560781564648,1,0
4665,Science,78.06116582096794,7,7,60.56091468802177,91.94396230406275,1,1
7853,Programming,88.23773445253659,16,2,59.93471899134957,58.75162560311446,0,0
754,Arts,85.48130326326365,12,8,89.49704027025551,48.85375943876235,0,1
3897,Programming,53.70242506750825,14,9,51.43589967712605,5.062297008631578,1,0
6104,Business,54.41115082444525,2,4,53.419440616727414,94.24633806659213,0,0
6052,Programming,44.437459844511345,0,6,97.24370316305101,90.03025371841314,0,1
8587,Arts,2.589823445331258,20,8,96.7205211953204,72.6444130940962,1,1
8105,Health,65.40690431982527,8,5,53.25731670243864,43.56012917855501,1,0
7695,Arts,42.05432526241285,2,4,87.02755105794763,12.365997833817566,0,0
195,Science,58.33385059946986,3,9,71.82721539807616,92.65903377055605,0,1
556,Health,93.43421170716059,15,4,94.50504300162538,71.50349857665893,0,1
7960,Health,91.20244124287825,16,9,61.737037534150275,55.00922812986195,0,0
3195,Business,37.25904759384895,10,6,54.083394180543834,65.4132291779806,0,1
5818,Science,90.96058386398768,12,2,77.469554148665,46.23800607161175,0,0
1915,Arts,98.01152884545566,16,6,63.04926770439816,65.50250353638883,0,1
336,Business,61.0622429965907,14,5,72.19977612888931,65.88647640728128,0,1
1018,Health,87.46575433301271,18,3,51.61074111824169,36.68699149768633,1,0
6511,Arts,51.7161895619711,17,6,71.1689459520276,52.67421209837079,1,1
2074,Health,49.43045528008094,14,8,86.24865921123555,42.952629419008005,0,1
289,Arts,37.360492426790216,20,5,50.87543771889255,56.58982181152818,0,0
1172,Business,96.83917778805817,6,0,62.08665299493622,41.5887399574212,0,0
713,Business,82.44214479219505,8,4,58.446646424135636,60.431603560902246,0,1
1558,Arts,18.43283950644154,3,9,51.19432032611339,64.40088220539091,0,0
8672,Arts,5.502317179297656,10,5,74.41271088161096,43.0759541221993,1,0
5276,Arts,69.80156161304525,15,6,92.9522131392078,89.21395871620079,1,1
6436,Science,23.613427226361647,11,1,66.62257665970671,18.313873390605128,0,0
3147,Science,19.890139653184402,6,2,93.54486595603402,22.394794126074725,1,0
6766,Science,43.50493555370667,16,3,78.22312316457503,13.459813184350233,1,0
2057,Science,73.94486635114032,10,1,94.30271530649931,9.767907172478928,1,0
7923,Science,49.63549522051007,2,2,99.54825318212716,17.920475984136687,1,0
2124,Business,87.695986619335,13,6,83.55525064222965,36.66400855061443,0,1
554,Health,10.516459321482998,20,10,79.78970699864692,87.1449519646026,1,1
3876,Business,41.225980152712346,19,1,81.70296955272454,36.99790467431755,1,0
2486,Health,64.5258953059881,9,2,95.30424110443508,94.79301498343379,1,1
2498,Business,46.076522596130914,16,10,66.17343594711,1.3718176698690243,0,0
4381,Health,68.23375430215133,20,6,55.737749659508175,30.02459084590685,0,0
6660,Science,69.07254146315263,13,4,68.97184496338609,78.87482058178415,0,1
5367,Science,9.835725412021816,4,10,65.70424751620129,32.672993483471494,1,0
2833,Health,86.70439824007636,17,6,88.43026633972576,86.23625328008345,1,1
1124,Arts,62.15176403267049,12,0,68.5289848842704,20.73056532878863,1,0
6200,Health,2.738980114692728,1,1,82.79029910085154,31.531909511873213,1,0
1810,Programming,64.10709249307232,14,8,68.00095267490951,75.50305900592478,0,1
7901,Business,3.772526627773385,0,2,57.550190973728725,19.64614875244386,1,0
5442,Business,91.02667234577183,8,0,87.73785390673257,57.108618331026065,1,0
7500,Business,11.747751325578127,16,6,79.4626982832461,20.370159129747044,0,0
7789,Arts,77.10474454450146,6,8,80.48136906782207,10.605093049446124,0,1
1519,Science,66.17009455918958,13,6,67.12648945452703,1.4364024794010777,1,0
7487,Health,98.44072688263775,4,9,99.74470609478257,12.400930822517719,1,0
3730,Programming,79.19694263059455,19,7,86.12272647545089,56.8863856595205,0,1
6140,Business,19.469233307365954,3,8,71.40768771226935,86.85330047653967,1,0
5965,Science,1.4238940257742592,12,8,68.37059712926578,15.584169511843292,1,0
8496,Health,62.273313267237434,2,2,66.01982731704575,2.6787288560364386,1,1
520,Arts,26.409507299695527,13,9,85.7450257705053,67.79484551410803,0,1
7947,Arts,60.09943260592784,9,5,74.64339894192076,98.29624260749938,1,1
7764,Arts,77.56195823485953,3,1,87.66583940715776,28.833036248421084,0,0
4487,Programming,30.581503344244187,7,4,61.751218797543885,53.66877182465725,0,0
6557,Programming,21.986170559126876,10,4,99.41320450617343,87.96069794422343,1,1
1874,Programming,40.32552542705702,2,2,54.3354013818215,78.47958501115187,0,0
7021,Health,81.52098957546572,10,9,94.74385317628271,88.7824764334916,1,1
5233,Programming,8.099341567608334,7,1,50.12443196174702,60.126490961878964,0,0
2707,Programming,55.92586906912085,17,3,74.83758342693811,93.27065651444227,0,1
1321,Business,93.91924571901727,1,8,70.80085794502966,93.77565289346528,1,1
1104,Arts,51.46381549038978,1,7,96.79866970542268,48.749421039221296,1,0
5204,Health,7.328393255001939,5,1,60.85115269572537,56.31704530779338,0,0
8981,Science,30.453837006264006,15,3,70.29686645213478,18.33056639855519,1,1
3711,Health,60.42005216216549,5,4,97.67731237104456,42.0661753337673,1,0
6067,Programming,96.26552795509386,15,10,62.87699855160536,30.006905065973598,0,0
630,Science,98.64864237147204,9,7,50.56890281664161,98.34601241333993,0,1
8636,Programming,88.7023910196027,5,10,50.041817818778256,39.62171347201489,0,0
5044,Business,49.62295594433155,4,6,94.6555561613749,60.71649270381896,0,1
8828,Business,1.4357592913748416,2,1,70.02553681388497,62.459748101935475,1,1
3706,Programming,10.922955939452324,4,4,52.55281422282127,40.7406097607567,1,0
8389,Arts,22.72214821713348,13,7,74.94796362424279,24.26566515933084,0,1
3728,Arts,51.923941404591,7,9,74.51008904187738,80.47132846936601,1,1
5791,Arts,20.74680599647215,9,7,85.04968103275138,56.56544778032217,0,1
3088,Health,68.47107695877838,3,6,75.82902544344904,14.453619451042988,0,0
2746,Programming,3.924654892537834,17,4,60.73055294284466,76.33639773289056,0,0
1448,Health,99.60526555484259,19,4,99.28091340935754,12.114001641391582,0,1
7248,Business,95.15797727714055,15,6,57.20974904390035,0.38464757804941296,0,0
4634,Business,72.87090915350637,13,10,68.04991449190786,48.286903876761485,0,0
7451,Science,88.9848431492759,19,10,75.44510708952816,94.99844169565151,1,1
7637,Business,97.10208823459365,2,9,76.78307291460644,22.323518274819975,1,0
5672,Arts,45.52300352405441,18,5,95.23873707498913,70.15005527537481,1,1
925,Arts,19.9141350021596,14,5,92.48336975762146,33.01476233764892,1,0
8090,Programming,57.80858284970508,13,6,87.85877190209234,51.20321413998116,0,1
416,Health,52.6643672378857,20,5,91.39556902167578,93.4657173045477,0,1
4129,Programming,20.569422750552626,18,9,64.55742339098322,90.72636555308551,1,1
6397,Business,85.19483886059525,2,9,61.63382678396713,59.395374321037885,0,0
8058,Health,19.49660622316372,0,6,71.9196404821671,90.193812758223,1,0
2989,Health,61.99496924115639,16,8,95.07110816810156,1.4275957884051782,1,1
440,Programming,90.2896946759504,17,6,57.578262826186375,94.14003573430864,1,1
1390,Science,65.95846309289678,1,1,51.717484783298985,97.24514690624383,0,0
790,Programming,13.768911884789361,1,5,76.90676129497166,8.996019031050862,0,0
4910,Programming,6.120367372910692,6,6,95.40862906683932,58.40308804431304,1,0
1705,Programming,33.96775567217218,6,3,90.10435230883724,42.33790862331194,0,0
4726,Science,69.49004002638003,8,3,75.86603308021192,38.02989978534731,0,0
8364,Science,29.150047072159538,11,2,61.12180767933627,68.15229295410153,0,1
607,Science,52.30361324795682,19,9,52.005978970562275,90.73229357718738,1,1
2450,Health,39.576084806523426,6,0,77.11900176583669,51.055994608356094,1,0
764,Health,51.46594962318627,14,2,98.68496487253032,94.07752927973607,1,1
1598,Arts,26.217329545297343,5,2,95.56167262961705,19.383812767630147,1,0
7895,Science,62.1563095618748,13,1,66.51714529663927,95.3286530600662,0,0
1221,Business,71.85060255515883,1,2,88.08065723332516,19.453974962170438,0,0
6019,Arts,37.01867903897434,9,9,65.69181993262904,32.68146023806305,1,0
5718,Science,66.33250523064693,15,5,70.18125642555606,86.68743367569004,0,1
4184,Science,11.943595077256798,8,1,65.57710892191231,38.610705914391495,1,0
117,Business,84.40394657672194,8,3,84.89739993312313,73.99459820596401,0,1
6474,Health,72.20045949085181,5,1,73.7656088378904,68.51243117099635,1,0
4822,Programming,97.78560131849675,3,1,98.1312230118505,5.521438490102404,1,0
4780,Arts,5.879907903356639,6,8,64.08761314554522,75.04022926552554,1,0
7985,Science,60.44681346177713,12,0,96.59034222966935,41.70568053444159,0,0
5835,Arts,96.59694656092167,0,5,67.18405943002901,20.69035169296971,0,0
5056,Business,55.47925679512983,3,0,89.74417523927596,16.88918902206067,0,0
7165,Health,98.77198167681482,5,5,86.6488735748236,89.9457309943336,1,1
1724,Business,32.885976956310316,13,7,81.35075657927801,65.32839332321568,0,1
563,Health,63.751132054797075,0,9,53.61326184270123,80.0628552018914,1,0
7966,Science,27.665242027049324,8,10,55.2175837666007,42.55824021428444,0,0
651,Business,73.03035289135946,16,7,77.33453524253352,57.17838720973092,0,1
8319,Programming,19.87691872872436,19,0,72.57173680606115,49.19324372020565,1,1
2003,Business,20.78742449029492,2,5,84.3494901279696,93.92339583464484,0,1
8757,Health,37.445225408132686,14,4,54.46935851057282,32.99070443506156,1,0
894,Science,48.63144348986771,7,7,59.41325738447196,0.2546250911317882,0,0
6323,Health,38.212511524771706,3,3,69.50829722377037,70.18815867617644,1,0
3652,Health,70.04866545544596,13,10,79.65518249185955,72.97522521435712,1,1
5595,Health,93.58978112503895,7,5,56.27454590616608,11.299071087377177,0,0
391,Programming,72.34101277570778,6,6,65.26857951673206,78.56888320077897,1,1
7320,Health,22.68479780256379,20,10,82.16379411801678,84.34633370753329,0,1
7359,Arts,98.26228834766039,5,0,91.40025993315653,29.112364389845425,1,0
8279,Programming,24.554492062253363,8,7,67.56266906014208,75.99546202974103,1,1
5603,Business,42.519593958870544,9,10,86.95157715565631,4.967806902506688,0,1
5146,Science,1.8221792712096445,10,8,90.90877083102747,42.414379476053966,0,0
2602,Arts,79.58975530271302,6,9,77.85062598864694,3.123809696802693,0,1
3033,Business,21.313100506120914,15,6,55.69090708086733,51.00550159626951,0,0
7070,Business,85.27759509045397,9,4,52.55755193733943,23.359972327822664,1,0
891,Business,17.806091322506447,13,4,85.27282541655457,82.12646989848751,1,1
6596,Business,76.11761131948587,1,6,98.08672823463556,10.195422499319573,0,0
5808,Business,19.190153658400362,18,7,76.5011702599638,64.47315938227881,1,1
7462,Arts,60.660659207277845,14,7,68.55453202078643,18.21911222332021,1,0
6861,Business,25.236263266029177,1,6,67.97986505532296,61.31653579396116,0,0
2194,Science,53.601748474644396,13,6,80.73374506398221,36.25453610565342,0,1
7944,Programming,67.3874250318666,15,5,56.38892073552434,26.384036074780504,1,0
7302,Arts,39.66105407075501,7,6,77.97039989362372,12.651273284467369,1,1
4892,Science,93.1256406765217,10,9,78.13525486350181,3.6746881431966916,1,1
8465,Business,10.511521588197256,5,10,86.1659175980386,15.493808214428261,0,0
5910,Programming,48.91508428292145,9,8,57.56358887050168,40.794511159995004,0,0
7949,Business,4.531767219692704,8,8,58.45366410823607,1.155959021842845,1,0